Workbook

Sheet A01-1
A1: Tempo (s) | B1: Alongamento (mm/mm) | C1: Deformação (mm/mm)2 | D1: Força (N) | E1: Tensão (Pa) | F1: Tensão (MPa) | H1: Unidade | I1: Comprimento | J1: Largura | K1: Espessura
A2: 0.016667 | B2: 0 | C2: ='A01-1'!$B2/$I$2 -> 0 | D2: 0 | E2: ='A01-1'!$D2/$I$5 -> 0 | F2: ='A01-1'!$E2/1000000 -> 0 | H2: mm | I2: 50 | J2: 13.17 | K2: 3.66
A3: 0.05 | B3: 0.00055835 | C3: ='A01-1'!$B3/$I$2 -> 1.1167e-05 | D3: 0 | E3: ='A01-1'!$D3/$I$5 -> 0 | F3: ='A01-1'!$E3/1000000 -> 0 | H3: m | I3: =I2/1000 -> 0.05 | J3: =J2/1000 -> 0.01317 | K3: =K2/1000 -> 0.00366
A4: 0.066667 | B4: 0.0012098 | C4: ='A01-1'!$B4/$I$2 -> 2.4196e-05 | D4: 0 | E4: ='A01-1'!$D4/$I$5 -> 0 | F4: ='A01-1'!$E4/1000000 -> 0
A5: 0.083333 | B5: 0.0020473 | C5: ='A01-1'!$B5/$I$2 -> 4.0946e-05 | D5: 0 | E5: ='A01-1'!$D5/$I$5 -> 0 | F5: ='A01-1'!$E5/1000000 -> 0 | H5: Área (m^2) | I5: =J3*K3 -> 4.82022e-05
A6: 0.1 | B6: 0.0029779 | C6: ='A01-1'!$B6/$I$2 -> 5.9558e-05 | D6: 0 | E6: ='A01-1'!$D6/$I$5 -> 0 | F6: ='A01-1'!$E6/1000000 -> 0
A7: 0.11667 | B7: 0.0039084 | C7: ='A01-1'!$B7/$I$2 -> 7.8168e-05 | D7: 0 | E7: ='A01-1'!$D7/$I$5 -> 0 | F7: ='A01-1'!$E7/1000000 -> 0
A8: 0.13333 | B8: 0.0050251 | C8: ='A01-1'!$B8/$I$2 -> 0.000100502 | D8: 0 | E8: ='A01-1'!$D8/$I$5 -> 0 | F8: ='A01-1'!$E8/1000000 -> 0
A9: 0.15 | B9: 0.0061418 | C9: ='A01-1'!$B9/$I$2 -> 0.000122836 | D9: 0 | E9: ='A01-1'!$D9/$I$5 -> 0 | F9: ='A01-1'!$E9/1000000 -> 0
A10: 0.16667 | B10: 0.0073516 | C10: ='A01-1'!$B10/$I$2 -> 0.000147032 | D10: 0 | E10: ='A01-1'!$D10/$I$5 -> 0 | F10: ='A01-1'!$E10/1000000 -> 0
A11: 0.18333 | B11: 0.0085613 | C11: ='A01-1'!$B11/$I$2 -> 0.000171226 | D11: 0 | E11: ='A01-1'!$D11/$I$5 -> 0 | F11: ='A01-1'!$E11/1000000 -> 0
A12: 0.2 | B12: 0.0097711 | C12: ='A01-1'!$B12/$I$2 -> 0.000195422 | D12: 0.1701 | E12: ='A01-1'!$D12/$I$5 -> 3528.8846 | F12: ='A01-1'!$E12/1000000 -> 0.0035288846
A13: 0.21667 | B13: 0.011074 | C13: ='A01-1'!$B13/$I$2 -> 0.00022148 | D13: 0.1701 | E13: ='A01-1'!$D13/$I$5 -> 3528.8846 | F13: ='A01-1'!$E13/1000000 -> 0.0035288846
A14: 0.23333 | B14: 0.01247 | C14: ='A01-1'!$B14/$I$2 -> 0.0002494 | D14: 0.1701 | E14: ='A01-1'!$D14/$I$5 -> 3528.8846 | F14: ='A01-1'!$E14/1000000 -> 0.0035288846
A15: 0.25 | B15: 0.013773 | C15: ='A01-1'!$B15/$I$2 -> 0.00027546 | D15: 0.1701 | E15: ='A01-1'!$D15/$I$5 -> 3528.8846 | F15: ='A01-1'!$E15/1000000 -> 0.0035288846
A16: 0.26667 | B16: 0.015075 | C16: ='A01-1'!$B16/$I$2 -> 0.0003015 | D16: 0.1701 | E16: ='A01-1'!$D16/$I$5 -> 3528.8846 | F16: ='A01-1'!$E16/1000000 -> 0.0035288846
A17: 0.28333 | B17: 0.016378 | C17: ='A01-1'!$B17/$I$2 -> 0.00032756 | D17: 0.1701 | E17: ='A01-1'!$D17/$I$5 -> 3528.8846 | F17: ='A01-1'!$E17/1000000 -> 0.0035288846
... A23: 0.38333 | B23: 0.024567 | C23: ='A01-1'!$B23/$I$2 -> 0.00049134 | D23: 0.1701 | E23: ='A01-1'!$D23/$I$5 -> 3528.8846 | F23: ='A01-1'!$E23/1000000 -> 0.0035288846
A24: 0.4 | B24: 0.025963 | C24: ='A01-1'!$B24/$I$2 -> 0.00051926 | D24: 0.1701 | E24: ='A01-1'!$D24/$I$5 -> 3528.8846 | F24: 0
A25: 0.41667 | B25: 0.027359 | C25: ='A01-1'!$B25/$I$2 -> 0.00054718 | D25: 0.1701 | E25: ='A01-1'!$D25/$I$5 -> 3528.8846 | F25: ='A01-1'!$E25/1000000 -> 0.0035288846
A26: 0.43333 | B26: 0.028848 | C26: ='A01-1'!$B26/$I$2 -> 0.00057696 | D26: 0.1701 | E26: ='A01-1'!$D26/$I$5 -> 3528.8846 | F26: ='A01-1'!$E26/1000000 -> 0.0035288846
A27: 0.45 | B27: 0.030151 | C27: ='A01-1'!$B27/$I$2 -> 0.00060302 | D27: 0.1701 | E27: ='A01-1'!$D27/$I$5 -> 3528.8846 | F27: ='A01-1'!$E27/1000000 -> 0.0035288846
A28: 0.46667 | B28: 0.031547 | C28: ='A01-1'!$B28/$I$2 -> 0.00063094 | D28: 0.1701 | E28: ='A01-1'!$D28/$I$5 -> 3528.8846 | F28: ='A01-1'!$E28/1000000 -> 0.0035288846
A29: 0.48333 | B29: 0.032943 | C29: ='A01-1'!$B29/$I$2 -> 0.00065886 | D29: 0.1701 | E29: ='A01-1'!$D29/$I$5 -> 3528.8846 | F29: ='A01-1'!$E29/1000000 -> 0.0035288846
A30: 0.5 | B30: 0.034338 | C30: ='A01-1'!$B30/$I$2 -> 0.00068676 | D30: 0.1701 | E30: ='A01-1'!$D30/$I$5 -> 3528.8846 | F30: ='A01-1'!$E30/1000000 -> 0.0035288846
A31: 0.51667 | B31: 0.035641 | C31: ='A01-1'!$B31/$I$2 -> 0.00071282 | D31: 0.1701 | E31: ='A01-1'!$D31/$I$5 -> 3528.8846 | F31: ='A01-1'!$E31/1000000 -> 0.0035288846
A32: 0.53333 | B32: 0.03713 | C32: ='A01-1'!$B32/$I$2 -> 0.0007426 | D32: 0.1701 | E32: ='A01-1'!$D32/$I$5 -> 3528.8846 | F32: ='A01-1'!$E32/1000000 -> 0.0035288846
A33: 0.55 | B33: 0.038526 | C33: ='A01-1'!$B33/$I$2 -> 0.00077052 | D33: 0.1701 | E33: ='A01-1'!$D33/$I$5 -> 3528.8846 | F33: ='A01-1'!$E33/1000000 -> 0.0035288846
A34: 0.56667 | B34: 0.039829 | C34: ='A01-1'!$B34/$I$2 -> 0.00079658 | D34: 0.1701 | E34: ='A01-1'!$D34/$I$5 -> 3528.8846 | F34: ='A01-1'!$E34/1000000 -> 0.0035288846
A35: 0.58333 | B35: 0.041132 | C35: ='A01-1'!$B35/$I$2 -> 0.00082264 | D35: 0.1701 | E35: ='A01-1'!$D35/$I$5 -> 3528.8846 | F35: ='A01-1'!$E35/1000000 -> 0.0035288846
A36: 0.6 | B36: 0.042621 | C36: ='A01-1'!$B36/$I$2 -> 0.00085242 | D36: 0.1701 | E36: ='A01-1'!$D36/$I$5 -> 3528.8846 | F36: ='A01-1'!$E36/1000000 -> 0.0035288846
... A900: 86.05 | B900: 7.1635 | C900: ='A01-1'!$B900/$I$2 -> 0.14327 | D900: 1716.8 | E900: ='A01-1'!$D900/$I$5 -> 35616632 | F900: ='A01-1'!$E900/1000000 -> 35.616632

Sheet A01-2
A1: Tempo (s) | B1: Alongamento (mm/mm) | C1: Deformação (mm/mm)2 | D1: Força (N) | E1: Tensão (Pa) | F1: Tensão (MPa) | H1: Unidade | I1: Comprimento | J1: Largura | K1: Espessura
A2: 0.016667 | B2: 0 | C2: ='A01-2'!$B2/$I$2 -> 0 | D2: 0 | E2: ='A01-2'!$D2/$I$5 -> 0 | F2: ='A01-2'!$E2/1000000 -> 0 | H2: mm | I2: 50 | J2: 13.17 | K2: 3.73
A3: 11.317 | B3: 0.93458 | C3: ='A01-2'!$B3/$I$2 -> 0.0186916 | D3: 0.3402 | E3: ='A01-2'!$D3/$I$5 -> 6925.3177 | F3: ='A01-2'!$E3/1000000 -> 0.0069253177 | H3: m | I3: =I2/1000 -> 0.05 | J3: =J2/1000 -> 0.01317 | K3: =K2/1000 -> 0.00373
A4: 11.417 | B4: 0.94296 | C4: ='A01-2'!$B4/$I$2 -> 0.0188592 | D4: 0.3402 | E4: ='A01-2'!$D4/$I$5 -> 6925.3177 | F4: ='A01-2'!$E4/1000000 -> 0.0069253177
A5: 11.517 | B5: 0.95133 | C5: ='A01-2'!$B5/$I$2 -> 0.0190266 | D5: 0.3402 | E5: ='A01-2'!$D5/$I$5 -> 6925.3177 | F5: ='A01-2'!$E5/1000000 -> 0.0069253177 | H5: Área (m^2) | I5: =J3*K3 -> 4.91241e-05
A6: 11.617 | B6: 0.95961 | C6: ='A01-2'!$B6/$I$2 -> 0.0191922 | D6: 0.3402 | E6: ='A01-2'!$D6/$I$5 -> 6925.3177 | F6: ='A01-2'!$E6/1000000 -> 0.0069253177
A7: 11.717 | B7: 0.96799 | C7: ='A01-2'!$B7/$I$2 -> 0.0193598 | D7: 0.3402 | E7: ='A01-2'!$D7/$I$5 -> 6925.3177 | F7: ='A01-2'!$E7/1000000 -> 0.0069253177
A8: 11.817 | B8: 0.97627 | C8: ='A01-2'!$B8/$I$2 -> 0.0195254 | D8: 0.3402 | E8: ='A01-2'!$D8/$I$5 -> 6925.3177 | F8: ='A01-2'!$E8/1000000 -> 0.0069253177
A9: 11.917 | B9: 0.98465 | C9: ='A01-2'!$B9/$I$2 -> 0.019693 | D9: 0.3402 | E9: ='A01-2'!$D9/$I$5 -> 6925.3177 | F9: ='A01-2'!$E9/1000000 -> 0.0069253177
A10: 12.017 | B10: 0.99293 | C10: ='A01-2'!$B10/$I$2 -> 0.0198586 | D10: 0.3402 | E10: ='A01-2'!$D10/$I$5 -> 6925.3177 | F10: ='A01-2'!$E10/1000000 -> 0.0069253177
A11: 12.117 | B11: 1.0012 | C11: ='A01-2'!$B11/$I$2 -> 0.020024 | D11: 0.3402 | E11: ='A01-2'!$D11/$I$5 -> 6925.3177 | F11: ='A01-2'!$E11/1000000 -> 0.0069253177
A12: 12.217 | B12: 1.0097 | C12: ='A01-2'!$B12/$I$2 -> 0.020194 | D12: 0.3402 | E12: ='A01-2'!$D12/$I$5 -> 6925.3177 | F12: ='A01-2'!$E12/1000000 -> 0.0069253177
A13: 12.317 | B13: 1.018 | C13: ='A01-2'!$B13/$I$2 -> 0.02036 | D13: 0.3402 | E13: ='A01-2'!$D13/$I$5 -> 6925.3177 | F13: ='A01-2'!$E13/1000000 -> 0.0069253177
A14: 12.417 | B14: 1.0262 | C14: ='A01-2'!$B14/$I$2 -> 0.020524 | D14: 0.3402 | E14: ='A01-2'!$D14/$I$5 -> 6925.3177 | F14: ='A01-2'!$E14/1000000 -> 0.0069253177
A15: 12.517 | B15: 1.0346 | C15: ='A01-2'!$B15/$I$2 -> 0.020692 | D15: 0.3402 | E15: ='A01-2'!$D15/$I$5 -> 6925.3177 | F15: ='A01-2'!$E15/1000000 -> 0.0069253177
A16: 12.617 | B16: 1.0429 | C16: ='A01-2'!$B16/$I$2 -> 0.020858 | D16: 0.3402 | E16: ='A01-2'!$D16/$I$5 -> 6925.3177 | F16: ='A01-2'!$E16/1000000 -> 0.0069253177
A17: 12.717 | B17: 1.0513 | C17: ='A01-2'!$B17/$I$2 -> 0.021026 | D17: 0.3402 | E17: ='A01-2'!$D17/$I$5 -> 6925.3177 | F17: ='A01-2'!$E17/1000000 -> 0.0069253177
... A704: 110.28 | B704: 9.1818 | C704: ='A01-2'!$B704/$I$2 -> 0.183636 | D704: 2092.7 | E704: ='A01-2'!$D704/$I$5 -> 42600272 | F704: ='A01-2'!$E704/1000000 -> 42.600272

Sheet A01-3
A1: Tempo(s) | B1: Alongamento (mm/mm) | C1: Deformação (mm/mm) | D1: Força (N) | E1: Tensão (Pa) | F1: Tensão (MPa) | H1: Unidade | I1: Comprimento | J1: Largura | K1: Espessura
A2: 0.016667 | B2: 0 | C2: ='A01-3'!$B2/$I$2 -> 0 | D2: 0 | E2: ='A01-3'!$D2/$I$5 -> 0 | F2: ='A01-3'!$E2/1000000 -> 0 | H2: mm | I2: 50 | J2: 13.13 | K2: 3.66
A3: 14.65 | B3: 1.2136 | C3: ='A01-3'!$B3/$I$2 -> 0.024272 | D3: 9.5255 | E3: ='A01-3'!$D3/$I$5 -> 198217.49 | F3: ='A01-3'!$E3/1000000 -> 0.19821749 | H3: m | I3: =I2/1000 -> 0.05 | J3: =J2/1000 -> 0.01313 | K3: =K2/1000 -> 0.00366
A4: 14.767 | B4: 1.2232 | C4: ='A01-3'!$B4/$I$2 -> 0.024464 | D4: 9.5255 | E4: ='A01-3'!$D4/$I$5 -> 198217.49 | F4: ='A01-3'!$E4/1000000 -> 0.19821749
A5: 14.883 | B5: 1.233 | C5: ='A01-3'!$B5/$I$2 -> 0.02466 | D5: 9.5255 | E5: ='A01-3'!$D5/$I$5 -> 198217.49 | F5: ='A01-3'!$E5/1000000 -> 0.19821749 | H5: Área (m^2) | I5: =J3*K3 -> 4.80558e-05
A6: 15 | B6: 1.2427 | C6: ='A01-3'!$B6/$I$2 -> 0.024854 | D6: 9.6956 | E6: ='A01-3'!$D6/$I$5 -> 201757.12 | F6: ='A01-3'!$E6/1000000 -> 0.20175712
A7: 15.117 | B7: 1.2524 | C7: ='A01-3'!$B7/$I$2 -> 0.025048 | D7: 9.6956 | E7: ='A01-3'!$D7/$I$5 -> 201757.12 | F7: ='A01-3'!$E7/1000000 -> 0.20175712
A8: 15.233 | B8: 1.2621 | C8: ='A01-3'!$B8/$I$2 -> 0.025242 | D8: 9.6956 | E8: ='A01-3'!$D8/$I$5 -> 201757.12 | F8: ='A01-3'!$E8/1000000 -> 0.20175712
A9: 15.367 | B9: 1.2733 | C9: ='A01-3'!$B9/$I$2 -> 0.025466 | D9: 9.6956 | E9: ='A01-3'!$D9/$I$5 -> 201757.12 | F9: ='A01-3'!$E9/1000000 -> 0.20175712
A10: 15.5 | B10: 1.2844 | C10: ='A01-3'!$B10/$I$2 -> 0.025688 | D10: 9.6956 | E10: ='A01-3'!$D10/$I$5 -> 201757.12 | F10: ='A01-3'!$E10/1000000 -> 0.20175712
A11: 15.633 | B11: 1.2956 | C11: ='A01-3'!$B11/$I$2 -> 0.025912 | D11: 10.036 | E11: ='A01-3'!$D11/$I$5 -> 208840.56 | F11: ='A01-3'!$E11/1000000 -> 0.20884056
A12: 15.767 | B12: 1.3066 | C12: ='A01-3'!$B12/$I$2 -> 0.026132 | D12: 10.036 | E12: ='A01-3'!$D12/$I$5 -> 208840.56 | F12: ='A01-3'!$E12/1000000 -> 0.20884056
A13: 15.9 | B13: 1.3177 | C13: ='A01-3'!$B13/$I$2 -> 0.026354 | D13: 10.036 | E13: ='A01-3'!$D13/$I$5 -> 208840.56 | F13: ='A01-3'!$E13/1000000 -> 0.20884056
A14: 16.033 | B14: 1.3288 | C14: ='A01-3'!$B14/$I$2 -> 0.026576 | D14: 10.036 | E14: ='A01-3'!$D14/$I$5 -> 208840.56 | F14: ='A01-3'!$E14/1000000 -> 0.20884056
A15: 16.167 | B15: 1.3398 | C15: ='A01-3'!$B15/$I$2 -> 0.026796 | D15: 10.206 | E15: ='A01-3'!$D15/$I$5 -> 212378.11 | F15: ='A01-3'!$E15/1000000 -> 0.21237811
A16: 16.3 | B16: 1.351 | C16: ='A01-3'!$B16/$I$2 -> 0.02702 | D16: 10.036 | E16: ='A01-3'!$D16/$I$5 -> 208840.56 | F16: ='A01-3'!$E16/1000000 -> 0.20884056
A17: 16.433 | B17: 1.3622 | C17: ='A01-3'!$B17/$I$2 -> 0.027244 | D17: 10.206 | E17: ='A01-3'!$D17/$I$5 -> 212378.11 | F17: ='A01-3'!$E17/1000000 -> 0.21237811
... A580: 84.05 | B580: 6.9969 | C580: ='A01-3'!$B580/$I$2 -> 0.139938 | D580: 2127.1 | E580: ='A01-3'!$D580/$I$5 -> 44263127 | F580: ='A01-3'!$E580/1000000 -> 44.263127

Sheet A01-4
A1: Tempo (s) | B1: Alongamento (mm/mm) | C1: Deformação (mm/mm)2 | D1: Força (N) | E1: Tensão (Pa) | F1: Tensão (MPa) | H1: Unidade | I1: Comprimento | J1: Largura | K1: Espessura
A2: 0.016667 | B2: 0 | C2: ='A01-4'!$B2/$I$2 -> 0 | D2: 0 | E2: ='A01-4'!$D2/$I$5 -> 0 | F2: ='A01-4'!$E2/1000000 -> 0 | H2: mm | I2: 50 | J2: 13.18 | K2: 3.68
A3: 9.8167 | B3: 0.81063 | C3: ='A01-4'!$B3/$I$2 -> 0.0162126 | D3: 7.8245 | E3: ='A01-4'!$D3/$I$5 -> 161321.91 | F3: ='A01-4'!$E3/1000000 -> 0.16132191 | H3: m | I3: =I2/1000 -> 0.05 | J3: =J2/1000 -> 0.01318 | K3: =K2/1000 -> 0.00368
A4: 9.9 | B4: 0.81761 | C4: ='A01-4'!$B4/$I$2 -> 0.0163522 | D4: 7.9946 | E4: ='A01-4'!$D4/$I$5 -> 164828.96 | F4: ='A01-4'!$E4/1000000 -> 0.16482896
A5: 9.9833 | B5: 0.82459 | C5: ='A01-4'!$B5/$I$2 -> 0.0164918 | D5: 8.1647 | E5: ='A01-4'!$D5/$I$5 -> 168336 | F5: ='A01-4'!$E5/1000000 -> 0.168336 | H5: Área (m^2) | I5: =J3*K3 -> 4.85024e-05
A6: 10.067 | B6: 0.83147 | C6: ='A01-4'!$B6/$I$2 -> 0.0166294 | D6: 8.1647 | E6: ='A01-4'!$D6/$I$5 -> 168336 | F6: ='A01-4'!$E6/1000000 -> 0.168336
A7: 10.15 | B7: 0.83845 | C7: ='A01-4'!$B7/$I$2 -> 0.016769 | D7: 7.9946 | E7: ='A01-4'!$D7/$I$5 -> 164828.96 | F7: ='A01-4'!$E7/1000000 -> 0.16482896
A8: 10.233 | B8: 0.84543 | C8: ='A01-4'!$B8/$I$2 -> 0.0169086 | D8: 7.9946 | E8: ='A01-4'!$D8/$I$5 -> 164828.96 | F8: ='A01-4'!$E8/1000000 -> 0.16482896
A9: 10.317 | B9: 0.85232 | C9: ='A01-4'!$B9/$I$2 -> 0.0170464 | D9: 7.8245 | E9: ='A01-4'!$D9/$I$5 -> 161321.91 | F9: ='A01-4'!$E9/1000000 -> 0.16132191
A10: 10.4 | B10: 0.8593 | C10: ='A01-4'!$B10/$I$2 -> 0.017186 | D10: 7.9946 | E10: ='A01-4'!$D10/$I$5 -> 164828.96 | F10: ='A01-4'!$E10/1000000 -> 0.16482896
A11: 10.483 | B11: 0.86628 | C11: ='A01-4'!$B11/$I$2 -> 0.0173256 | D11: 7.9946 | E11: ='A01-4'!$D11/$I$5 -> 164828.96 | F11: ='A01-4'!$E11/1000000 -> 0.16482896
A12: 10.567 | B12: 0.87316 | C12: ='A01-4'!$B12/$I$2 -> 0.0174632 | D12: 8.1647 | E12: ='A01-4'!$D12/$I$5 -> 168336 | F12: ='A01-4'!$E12/1000000 -> 0.168336
A13: 10.65 | B13: 0.88005 | C13: ='A01-4'!$B13/$I$2 -> 0.017601 | D13: 8.3348 | E13: ='A01-4'!$D13/$I$5 -> 171843.04 | F13: ='A01-4'!$E13/1000000 -> 0.17184304
A14: 10.733 | B14: 0.88712 | C14: ='A01-4'!$B14/$I$2 -> 0.0177424 | D14: 8.3348 | E14: ='A01-4'!$D14/$I$5 -> 171843.04 | F14: ='A01-4'!$E14/1000000 -> 0.17184304
A15: 10.833 | B15: 0.8954 | C15: ='A01-4'!$B15/$I$2 -> 0.017908 | D15: 8.3348 | E15: ='A01-4'!$D15/$I$5 -> 171843.04 | F15: ='A01-4'!$E15/1000000 -> 0.17184304
A16: 10.933 | B16: 0.90369 | C16: ='A01-4'!$B16/$I$2 -> 0.0180738 | D16: 8.5049 | E16: ='A01-4'!$D16/$I$5 -> 175350.09 | F16: ='A01-4'!$E16/1000000 -> 0.17535009
A17: 11.017 | B17: 0.91067 | C17: ='A01-4'!$B17/$I$2 -> 0.0182134 | D17: 8.5049 | E17: ='A01-4'!$D17/$I$5 -> 175350.09 | F17: ='A01-4'!$E17/1000000 -> 0.17535009
... A650: 86.383 | B650: 7.1911 | C650: ='A01-4'!$B650/$I$2 -> 0.143822 | D650: 1927.7 | E650: ='A01-4'!$D650/$I$5 -> 39744425 | F650: ='A01-4'!$E650/1000000 -> 39.744425

Sheet A01-5
A1: Tempo (s) | B1: Alongamento (mm/mm) | C1: Deformação (mm/mm) | D1: Força (N) | E1: Tensão (Pa) | F1: Tensão (MPa) | H1: Unidade | I1: Comprimento | J1: Largura | K1: Espessura
A2: 0.016667 | B2: 0 | C2: ='A01-5'!$B2/$I$2 -> 0 | D2: 6.1236 | E2: ='A01-5'!$D2/$I$5 -> 125232.63 | F2: ='A01-5'!$E2/1000000 -> 0.12523263 | H2: mm | I2: 50 | J2: 13.18 | K2: 3.71
A3: 7.2333 | B3: 0.59501 | C3: ='A01-5'!$B3/$I$2 -> 0.0119002 | D3: 12.587 | E3: ='A01-5'!$D3/$I$5 -> 257414.44 | F3: ='A01-5'!$E3/1000000 -> 0.25741444 | H3: m | I3: =I2/1000 -> 0.05 | J3: =J2/1000 -> 0.01318 | K3: =K2/1000 -> 0.00371
A4: 7.3 | B4: 0.6005 | C4: ='A01-5'!$B4/$I$2 -> 0.01201 | D4: 12.587 | E4: ='A01-5'!$D4/$I$5 -> 257414.44 | F4: ='A01-5'!$E4/1000000 -> 0.25741444
A5: 7.3667 | B5: 0.60609 | C5: ='A01-5'!$B5/$I$2 -> 0.0121218 | D5: 12.587 | E5: ='A01-5'!$D5/$I$5 -> 257414.44 | F5: ='A01-5'!$E5/1000000 -> 0.25741444 | H5: Área (m^2) | I5: =J3*K3 -> 4.88978e-05
A6: 7.4333 | B6: 0.61167 | C6: ='A01-5'!$B6/$I$2 -> 0.0122334 | D6: 12.587 | E6: ='A01-5'!$D6/$I$5 -> 257414.44 | F6: ='A01-5'!$E6/1000000 -> 0.25741444
A7: 7.5 | B7: 0.61725 | C7: ='A01-5'!$B7/$I$2 -> 0.012345 | D7: 12.587 | E7: ='A01-5'!$D7/$I$5 -> 257414.44 | F7: ='A01-5'!$E7/1000000 -> 0.25741444
A8: 7.5667 | B8: 0.62274 | C8: ='A01-5'!$B8/$I$2 -> 0.0124548 | D8: 12.587 | E8: ='A01-5'!$D8/$I$5 -> 257414.44 | F8: ='A01-5'!$E8/1000000 -> 0.25741444
A9: 7.6333 | B9: 0.62842 | C9: ='A01-5'!$B9/$I$2 -> 0.0125684 | D9: 12.587 | E9: ='A01-5'!$D9/$I$5 -> 257414.44 | F9: ='A01-5'!$E9/1000000 -> 0.25741444
A10: 7.7 | B10: 0.634 | C10: ='A01-5'!$B10/$I$2 -> 0.01268 | D10: 12.587 | E10: ='A01-5'!$D10/$I$5 -> 257414.44 | F10: ='A01-5'!$E10/1000000 -> 0.25741444
A11: 7.7667 | B11: 0.63949 | C11: ='A01-5'!$B11/$I$2 -> 0.0127898 | D11: 12.587 | E11: ='A01-5'!$D11/$I$5 -> 257414.44 | F11: ='A01-5'!$E11/1000000 -> 0.25741444
A12: 7.8333 | B12: 0.64508 | C12: ='A01-5'!$B12/$I$2 -> 0.0129016 | D12: 12.757 | E12: ='A01-5'!$D12/$I$5 -> 260891.08 | F12: ='A01-5'!$E12/1000000 -> 0.26089108
A13: 7.9 | B13: 0.65066 | C13: ='A01-5'!$B13/$I$2 -> 0.0130132 | D13: 12.757 | E13: ='A01-5'!$D13/$I$5 -> 260891.08 | F13: ='A01-5'!$E13/1000000 -> 0.26089108
A14: 7.9667 | B14: 0.65615 | C14: ='A01-5'!$B14/$I$2 -> 0.013123 | D14: 12.757 | E14: ='A01-5'!$D14/$I$5 -> 260891.08 | F14: ='A01-5'!$E14/1000000 -> 0.26089108
A15: 8.0333 | B15: 0.66174 | C15: ='A01-5'!$B15/$I$2 -> 0.0132348 | D15: 12.757 | E15: ='A01-5'!$D15/$I$5 -> 260891.08 | F15: ='A01-5'!$E15/1000000 -> 0.26089108
A16: 8.1 | B16: 0.66723 | C16: ='A01-5'!$B16/$I$2 -> 0.0133446 | D16: 12.757 | E16: ='A01-5'!$D16/$I$5 -> 260891.08 | F16: ='A01-5'!$E16/1000000 -> 0.26089108
A17: 8.1667 | B17: 0.67281 | C17: ='A01-5'!$B17/$I$2 -> 0.0134562 | D17: 12.757 | E17: ='A01-5'!$D17/$I$5 -> 260891.08 | F17: ='A01-5'!$E17/1000000 -> 0.26089108
... A663: 89.55 | B663: 7.4548 | C663: ='A01-5'!$B663/$I$2 -> 0.149096 | D663: 2116.5 | E663: ='A01-5'!$D663/$I$5 -> 43284156 | F663: ='A01-5'!$E663/1000000 -> 43.284156

Sheet grafico
F23: Desvio Padrão | G23: Média | H23: Media força maxima
F24: =STDEV('A01-1'!F900,'A01-2'!F704,'A01-3'!F580,'A01-4'!F650,'A01-5'!F663) -> 3.4975572 | G24: =AVERAGE('A01-1'!F900,'A01-2'!F704,'A01-3'!F580,'A01-4'!F650,'A01-5'!F663) -> 41.101722 | H24: =AVERAGE('A01-1'!D900,'A01-2'!D704,'A01-3'!D580,'A01-4'!D650,'A01-5'!D663) -> 1996.16
