Workbook

Sheet A20-1
A1: Tempo(s) | B1: Alongamento(mm/mm) | C1: Deformação(mm/mm) | D1: Força(N) | E1: Tensão(Pa) | F1: Tensão(Mpa) | H1: Unidade | I1: Comprimento | J1: Largura | K1: Espessura
A2: 0.016667 | B2: 0 | C2: ='A20-1'!$B2/$I$2 -> 0 | D2: 0 | E2: ='A20-1'!$D2/$I$5 -> 0 | F2: ='A20-1'!$E2/1000000 -> 0 | H2: mm | I2: 50 | J2: 12.88 | K2: 3.3
A3: 9.2333 | B3: 0.76149 | C3: ='A20-1'!$B3/$I$2 -> 0.0152298 | D3: 8.8451 | E3: ='A20-1'!$D3/$I$5 -> 281938 | F3: ='A20-1'!$E3/1000000 -> 0.281938 | H3: m | I3: 0.05 | J3: 0.01335 | K3: 0.00235
A4: 9.3167 | B4: 0.76838 | C4: ='A20-1'!$B4/$I$2 -> 0.0153676 | D4: 8.8451 | E4: ='A20-1'!$D4/$I$5 -> 281938 | F4: ='A20-1'!$E4/1000000 -> 0.281938
A5: 9.4 | B5: 0.77536 | C5: ='A20-1'!$B5/$I$2 -> 0.0155072 | D5: 8.8451 | E5: ='A20-1'!$D5/$I$5 -> 281938 | F5: ='A20-1'!$E5/1000000 -> 0.281938 | H5: Área (m^2) | I5: 3.13725e-05
A6: 9.4833 | B6: 0.78234 | C6: ='A20-1'!$B6/$I$2 -> 0.0156468 | D6: 8.8451 | E6: ='A20-1'!$D6/$I$5 -> 281938 | F6: ='A20-1'!$E6/1000000 -> 0.281938
A7: 9.5667 | B7: 0.78922 | C7: ='A20-1'!$B7/$I$2 -> 0.0157844 | D7: 8.8451 | E7: ='A20-1'!$D7/$I$5 -> 281938 | F7: ='A20-1'!$E7/1000000 -> 0.281938
A8: 9.65 | B8: 0.79611 | C8: ='A20-1'!$B8/$I$2 -> 0.0159222 | D8: 8.8451 | E8: ='A20-1'!$D8/$I$5 -> 281938 | F8: ='A20-1'!$E8/1000000 -> 0.281938
A9: 9.7333 | B9: 0.80309 | C9: ='A20-1'!$B9/$I$2 -> 0.0160618 | D9: 8.8451 | E9: ='A20-1'!$D9/$I$5 -> 281938 | F9: ='A20-1'!$E9/1000000 -> 0.281938
A10: 9.8167 | B10: 0.80998 | C10: ='A20-1'!$B10/$I$2 -> 0.0161996 | D10: 8.8451 | E10: ='A20-1'!$D10/$I$5 -> 281938 | F10: ='A20-1'!$E10/1000000 -> 0.281938
A11: 9.9 | B11: 0.81696 | C11: ='A20-1'!$B11/$I$2 -> 0.0163392 | D11: 8.8451 | E11: ='A20-1'!$D11/$I$5 -> 281938 | F11: ='A20-1'!$E11/1000000 -> 0.281938
A12: 9.9833 | B12: 0.82394 | C12: ='A20-1'!$B12/$I$2 -> 0.0164788 | D12: 8.8451 | E12: ='A20-1'!$D12/$I$5 -> 281938 | F12: ='A20-1'!$E12/1000000 -> 0.281938
A13: 10.067 | B13: 0.83082 | C13: ='A20-1'!$B13/$I$2 -> 0.0166164 | D13: 8.8451 | E13: ='A20-1'!$D13/$I$5 -> 281938 | F13: ='A20-1'!$E13/1000000 -> 0.281938
A14: 10.15 | B14: 0.83789 | C14: ='A20-1'!$B14/$I$2 -> 0.0167578 | D14: 8.8451 | E14: ='A20-1'!$D14/$I$5 -> 281938 | F14: ='A20-1'!$E14/1000000 -> 0.281938
A15: 10.233 | B15: 0.84478 | C15: ='A20-1'!$B15/$I$2 -> 0.0168956 | D15: 8.8451 | E15: ='A20-1'!$D15/$I$5 -> 281938 | F15: ='A20-1'!$E15/1000000 -> 0.281938
A16: 10.317 | B16: 0.85176 | C16: ='A20-1'!$B16/$I$2 -> 0.0170352 | D16: 9.0152 | E16: ='A20-1'!$D16/$I$5 -> 287359.95 | F16: ='A20-1'!$E16/1000000 -> 0.28735995
A17: 10.4 | B17: 0.85874 | C17: ='A20-1'!$B17/$I$2 -> 0.0171748 | D17: 9.0152 | E17: ='A20-1'!$D17/$I$5 -> 287359.95 | F17: ='A20-1'!$E17/1000000 -> 0.28735995
... A628: 82.383 | B628: 6.8574 | C628: ='A20-1'!$B628/$I$2 -> 0.137148 | D628: 1922.5 | E628: ='A20-1'!$D628/$I$5 -> 61279783 | F628: ='A20-1'!$E628/1000000 -> 61.279783

Sheet A20-2
A1: Tempo(s) | B1: Alongamento(mm/mm) | C1: Deformação(mm/mm) | D1: Força(N) | E1: Tensão(Pa) | F1: Tensão(Mpa) | H1: Unidade | I1: Comprimento | J1: Largura | K1: Espessura
A2: 0.016667 | B2: 0 | C2: ='A20-2'!$B2/$I$2 -> 0 | D2: 0 | E2: ='A20-2'!$D2/$I$5 -> 0 | F2: ='A20-2'!$E2/1000000 -> 0 | H2: mm | I2: 50 | J2: 12.88 | K2: 3.27
A3: 6.5833 | B3: 0.5416 | C3: ='A20-2'!$B3/$I$2 -> 0.010832 | D3: 3.2319 | E3: ='A20-2'!$D3/$I$5 -> 103016.97 | F3: ='A20-2'!$E3/1000000 -> 0.10301697 | H3: m | I3: 0.05 | J3: 0.01335 | K3: 0.00235
A4: 6.6333 | B4: 0.54579 | C4: ='A20-2'!$B4/$I$2 -> 0.0109158 | D4: 3.2319 | E4: ='A20-2'!$D4/$I$5 -> 103016.97 | F4: ='A20-2'!$E4/1000000 -> 0.10301697
A5: 6.7 | B5: 0.55128 | C5: ='A20-2'!$B5/$I$2 -> 0.0110256 | D5: 3.2319 | E5: ='A20-2'!$D5/$I$5 -> 103016.97 | F5: ='A20-2'!$E5/1000000 -> 0.10301697 | H5: Área (m^2) | I5: 3.13725e-05
A6: 6.7667 | B6: 0.55686 | C6: ='A20-2'!$B6/$I$2 -> 0.0111372 | D6: 3.402 | E6: ='A20-2'!$D6/$I$5 -> 108438.92 | F6: ='A20-2'!$E6/1000000 -> 0.10843892
A7: 6.8333 | B7: 0.56235 | C7: ='A20-2'!$B7/$I$2 -> 0.011247 | D7: 3.402 | E7: ='A20-2'!$D7/$I$5 -> 108438.92 | F7: ='A20-2'!$E7/1000000 -> 0.10843892
A8: 6.9 | B8: 0.56793 | C8: ='A20-2'!$B8/$I$2 -> 0.0113586 | D8: 3.402 | E8: ='A20-2'!$D8/$I$5 -> 108438.92 | F8: ='A20-2'!$E8/1000000 -> 0.10843892
A9: 6.9667 | B9: 0.57342 | C9: ='A20-2'!$B9/$I$2 -> 0.0114684 | D9: 3.402 | E9: ='A20-2'!$D9/$I$5 -> 108438.92 | F9: ='A20-2'!$E9/1000000 -> 0.10843892
A10: 7.0333 | B10: 0.57891 | C10: ='A20-2'!$B10/$I$2 -> 0.0115782 | D10: 3.402 | E10: ='A20-2'!$D10/$I$5 -> 108438.92 | F10: ='A20-2'!$E10/1000000 -> 0.10843892
A11: 7.1 | B11: 0.58459 | C11: ='A20-2'!$B11/$I$2 -> 0.0116918 | D11: 3.402 | E11: ='A20-2'!$D11/$I$5 -> 108438.92 | F11: ='A20-2'!$E11/1000000 -> 0.10843892
A12: 7.1667 | B12: 0.59017 | C12: ='A20-2'!$B12/$I$2 -> 0.0118034 | D12: 3.402 | E12: ='A20-2'!$D12/$I$5 -> 108438.92 | F12: ='A20-2'!$E12/1000000 -> 0.10843892
A13: 7.2333 | B13: 0.59566 | C13: ='A20-2'!$B13/$I$2 -> 0.0119132 | D13: 3.402 | E13: ='A20-2'!$D13/$I$5 -> 108438.92 | F13: ='A20-2'!$E13/1000000 -> 0.10843892
A14: 7.3 | B14: 0.60125 | C14: ='A20-2'!$B14/$I$2 -> 0.012025 | D14: 3.402 | E14: ='A20-2'!$D14/$I$5 -> 108438.92 | F14: ='A20-2'!$E14/1000000 -> 0.10843892
A15: 7.3667 | B15: 0.60683 | C15: ='A20-2'!$B15/$I$2 -> 0.0121366 | D15: 3.402 | E15: ='A20-2'!$D15/$I$5 -> 108438.92 | F15: ='A20-2'!$E15/1000000 -> 0.10843892
A16: 7.4333 | B16: 0.61241 | C16: ='A20-2'!$B16/$I$2 -> 0.0122482 | D16: 3.402 | E16: ='A20-2'!$D16/$I$5 -> 108438.92 | F16: ='A20-2'!$E16/1000000 -> 0.10843892
A17: 7.5 | B17: 0.61791 | C17: ='A20-2'!$B17/$I$2 -> 0.0123582 | D17: 3.402 | E17: ='A20-2'!$D17/$I$5 -> 108438.92 | F17: ='A20-2'!$E17/1000000 -> 0.10843892
... A639: 78.233 | B639: 6.5124 | C639: ='A20-2'!$B639/$I$2 -> 0.130248 | D639: 1674.6 | E639: ='A20-2'!$D639/$I$5 -> 53377958 | F639: ='A20-2'!$E639/1000000 -> 53.377958

Sheet A20-3
A1: Tempo(s) | B1: Alongamento(mm/mm) | C1: Deformação(mm/mm) | D1: Força(N) | E1: Tensão(Pa) | F1: Tensão(Mpa) | H1: Unidade | I1: Comprimento | J1: Largura | K1: Espessura
A2: 0.33333 | B2: 0.019914 | C2: ='A20-3'!$B2/$I$2 -> 0.00039828 | D2: 5.7834 | E2: ='A20-3'!$D2/$I$5 -> 184346.16 | F2: ='A20-3'!$E2/1000000 -> 0.18434616 | H2: mm | I2: 50 | J2: 12.89 | K2: 3.29
A3: 0.35 | B3: 0.02131 | C3: ='A20-3'!$B3/$I$2 -> 0.0004262 | D3: 6.6339 | E3: ='A20-3'!$D3/$I$5 -> 211455.89 | F3: ='A20-3'!$E3/1000000 -> 0.21145589 | H3: m | I3: 0.05 | J3: 0.01335 | K3: 0.00235
A4: 0.36667 | B4: 0.022706 | C4: ='A20-3'!$B4/$I$2 -> 0.00045412 | D4: 7.4843 | E4: ='A20-3'!$D4/$I$5 -> 238562.44 | F4: ='A20-3'!$E4/1000000 -> 0.23856244
A5: 0.38333 | B5: 0.024009 | C5: ='A20-3'!$B5/$I$2 -> 0.00048018 | D5: 8.3348 | E5: ='A20-3'!$D5/$I$5 -> 265672.17 | F5: ='A20-3'!$E5/1000000 -> 0.26567217 | H5: Área (m^2) | I5: 3.13725e-05
A6: 0.4 | B6: 0.025405 | C6: ='A20-3'!$B6/$I$2 -> 0.0005081 | D6: 9.1853 | E6: ='A20-3'!$D6/$I$5 -> 292781.9 | F6: ='A20-3'!$E6/1000000 -> 0.2927819
A7: 0.41667 | B7: 0.026801 | C7: ='A20-3'!$B7/$I$2 -> 0.00053602 | D7: 10.036 | E7: ='A20-3'!$D7/$I$5 -> 319898 | F7: ='A20-3'!$E7/1000000 -> 0.319898
A8: 0.43333 | B8: 0.028197 | C8: ='A20-3'!$B8/$I$2 -> 0.00056394 | D8: 10.716 | E8: ='A20-3'!$D8/$I$5 -> 341573.03 | F8: ='A20-3'!$E8/1000000 -> 0.34157303
A9: 0.45 | B9: 0.029499 | C9: ='A20-3'!$B9/$I$2 -> 0.00058998 | D9: 11.567 | E9: ='A20-3'!$D9/$I$5 -> 368698.7 | F9: ='A20-3'!$E9/1000000 -> 0.3686987
A10: 0.46667 | B10: 0.030988 | C10: ='A20-3'!$B10/$I$2 -> 0.00061976 | D10: 12.587 | E10: ='A20-3'!$D10/$I$5 -> 401211.25 | F10: ='A20-3'!$E10/1000000 -> 0.40121125
A11: 0.48333 | B11: 0.032384 | C11: ='A20-3'!$B11/$I$2 -> 0.00064768 | D11: 13.268 | E11: ='A20-3'!$D11/$I$5 -> 422918.16 | F11: ='A20-3'!$E11/1000000 -> 0.42291816
A12: 0.5 | B12: 0.03378 | C12: ='A20-3'!$B12/$I$2 -> 0.0006756 | D12: 14.118 | E12: ='A20-3'!$D12/$I$5 -> 450011.95 | F12: ='A20-3'!$E12/1000000 -> 0.45001195
A13: 0.51667 | B13: 0.035083 | C13: ='A20-3'!$B13/$I$2 -> 0.00070166 | D13: 14.969 | E13: ='A20-3'!$D13/$I$5 -> 477137.62 | F13: ='A20-3'!$E13/1000000 -> 0.47713762
A14: 0.53333 | B14: 0.036479 | C14: ='A20-3'!$B14/$I$2 -> 0.00072958 | D14: 15.819 | E14: ='A20-3'!$D14/$I$5 -> 504231.41 | F14: ='A20-3'!$E14/1000000 -> 0.50423141
A15: 0.55 | B15: 0.037875 | C15: ='A20-3'!$B15/$I$2 -> 0.0007575 | D15: 16.84 | E15: ='A20-3'!$D15/$I$5 -> 536775.84 | F15: ='A20-3'!$E15/1000000 -> 0.53677584
A16: 0.56667 | B16: 0.03927 | C16: ='A20-3'!$B16/$I$2 -> 0.0007854 | D16: 17.69 | E16: ='A20-3'!$D16/$I$5 -> 563869.63 | F16: ='A20-3'!$E16/1000000 -> 0.56386963
A17: 0.58333 | B17: 0.040666 | C17: ='A20-3'!$B17/$I$2 -> 0.00081332 | D17: 18.541 | E17: ='A20-3'!$D17/$I$5 -> 590995.3 | F17: ='A20-3'!$E17/1000000 -> 0.5909953
... A489: 41.533 | B489: 3.4532 | C489: ='A20-3'!$B489/$I$2 -> 0.069064 | D489: 1683 | E489: ='A20-3'!$D489/$I$5 -> 53645709 | F489: ='A20-3'!$E489/1000000 -> 53.645709

Sheet A20-4
A1: Tempo(s) | B1: Alongamento(mm/mm) | C1: Deformação(mm/mm) | D1: Força(N) | E1: Tensão(Pa) | F1: Tensão(Mpa) | H1: Unidade | I1: Comprimento | J1: Largura | K1: Espessura
A2: 0.016667 | B2: 0 | C2: ='A20-4'!$B2/$I$2 -> 0 | D2: 0 | E2: ='A20-4'!$D2/$I$5 -> 0 | F2: ='A20-4'!$E2/1000000 -> 0 | H2: mm | I2: 50 | J2: 12.85 | K2: 3.29
A3: 7.4333 | B3: 0.61214 | C3: ='A20-4'!$B3/$I$2 -> 0.0122428 | D3: 6.1236 | E3: ='A20-4'!$D3/$I$5 -> 195190.05 | F3: ='A20-4'!$E3/1000000 -> 0.19519006 | H3: m | I3: 0.05 | J3: 0.01335 | K3: 0.00235
A4: 7.5 | B4: 0.61763 | C4: ='A20-4'!$B4/$I$2 -> 0.0123526 | D4: 6.2937 | E4: ='A20-4'!$D4/$I$5 -> 200612 | F4: ='A20-4'!$E4/1000000 -> 0.200612
A5: 7.5667 | B5: 0.6233 | C5: ='A20-4'!$B5/$I$2 -> 0.012466 | D5: 6.2937 | E5: ='A20-4'!$D5/$I$5 -> 200612 | F5: ='A20-4'!$E5/1000000 -> 0.200612 | H5: Área (m^2) | I5: 3.13725e-05
A6: 7.6333 | B6: 0.62889 | C6: ='A20-4'!$B6/$I$2 -> 0.0125778 | D6: 6.4638 | E6: ='A20-4'!$D6/$I$5 -> 206033.95 | F6: ='A20-4'!$E6/1000000 -> 0.20603395
A7: 7.7 | B7: 0.63438 | C7: ='A20-4'!$B7/$I$2 -> 0.0126876 | D7: 6.4638 | E7: ='A20-4'!$D7/$I$5 -> 206033.95 | F7: ='A20-4'!$E7/1000000 -> 0.20603395
A8: 7.7667 | B8: 0.63996 | C8: ='A20-4'!$B8/$I$2 -> 0.0127992 | D8: 6.6339 | E8: ='A20-4'!$D8/$I$5 -> 211455.89 | F8: ='A20-4'!$E8/1000000 -> 0.21145589
A9: 7.8333 | B9: 0.64554 | C9: ='A20-4'!$B9/$I$2 -> 0.0129108 | D9: 6.6339 | E9: ='A20-4'!$D9/$I$5 -> 211455.89 | F9: ='A20-4'!$E9/1000000 -> 0.21145589
A10: 7.9 | B10: 0.65113 | C10: ='A20-4'!$B10/$I$2 -> 0.0130226 | D10: 6.804 | E10: ='A20-4'!$D10/$I$5 -> 216877.84 | F10: ='A20-4'!$E10/1000000 -> 0.21687784
A11: 7.9667 | B11: 0.65662 | C11: ='A20-4'!$B11/$I$2 -> 0.0131324 | D11: 6.9741 | E11: ='A20-4'!$D11/$I$5 -> 222299.78 | F11: ='A20-4'!$E11/1000000 -> 0.22229978
A12: 8.0333 | B12: 0.6622 | C12: ='A20-4'!$B12/$I$2 -> 0.013244 | D12: 7.1442 | E12: ='A20-4'!$D12/$I$5 -> 227721.73 | F12: ='A20-4'!$E12/1000000 -> 0.22772173
A13: 8.1 | B13: 0.66778 | C13: ='A20-4'!$B13/$I$2 -> 0.0133556 | D13: 7.1442 | E13: ='A20-4'!$D13/$I$5 -> 227721.73 | F13: ='A20-4'!$E13/1000000 -> 0.22772173
A14: 8.1667 | B14: 0.67327 | C14: ='A20-4'!$B14/$I$2 -> 0.0134654 | D14: 7.3142 | E14: ='A20-4'!$D14/$I$5 -> 233140.49 | F14: ='A20-4'!$E14/1000000 -> 0.23314049
A15: 8.2333 | B15: 0.67877 | C15: ='A20-4'!$B15/$I$2 -> 0.0135754 | D15: 7.3142 | E15: ='A20-4'!$D15/$I$5 -> 233140.49 | F15: ='A20-4'!$E15/1000000 -> 0.23314049
A16: 8.3 | B16: 0.68444 | C16: ='A20-4'!$B16/$I$2 -> 0.0136888 | D16: 7.4843 | E16: ='A20-4'!$D16/$I$5 -> 238562.44 | F16: ='A20-4'!$E16/1000000 -> 0.23856244
A17: 8.3667 | B17: 0.68993 | C17: ='A20-4'!$B17/$I$2 -> 0.0137986 | D17: 7.6544 | E17: ='A20-4'!$D17/$I$5 -> 243984.38 | F17: ='A20-4'!$E17/1000000 -> 0.24398438
... A668: 89 | B668: 7.4094 | C668: ='A20-4'!$B668/$I$2 -> 0.148188 | D668: 1992.9 | E668: ='A20-4'!$D668/$I$5 -> 63523787 | F668: ='A20-4'!$E668/1000000 -> 63.523787

Sheet A20-5
A1: Tempo(s) | B1: Alongamento(mm/mm) | C1: Deformação(mm/mm) | D1: Força(N) | E1: Tensão(Pa) | F1: Tensão(Mpa) | H1: Unidade | I1: Comprimento | J1: Largura | K1: Espessura
A2: 0.13333 | B2: 0.004746 | C2: ='A20-5'!$B2/$I$2 -> 9.492e-05 | D2: 0 | E2: ='A20-5'!$D2/$I$5 -> 0 | F2: ='A20-5'!$E2/1000000 -> 0 | H2: mm | I2: 50 | J2: 12.91 | K2: 3.3
A3: 7.1 | B3: 0.58385 | C3: ='A20-5'!$B3/$I$2 -> 0.011677 | D3: 2.2113 | E3: ='A20-5'!$D3/$I$5 -> 70485.298 | F3: ='A20-5'!$E3/1000000 -> 0.070485298 | H3: m | I3: 0.05 | J3: 0.01335 | K3: 0.00235
A4: 7.1667 | B4: 0.58943 | C4: ='A20-5'!$B4/$I$2 -> 0.0117886 | D4: 2.2113 | E4: ='A20-5'!$D4/$I$5 -> 70485.298 | F4: ='A20-5'!$E4/1000000 -> 0.070485298
A5: 7.2333 | B5: 0.59501 | C5: ='A20-5'!$B5/$I$2 -> 0.0119002 | D5: 2.2113 | E5: ='A20-5'!$D5/$I$5 -> 70485.298 | F5: ='A20-5'!$E5/1000000 -> 0.070485298 | H5: Área (m^2) | I5: 3.13725e-05
A6: 7.3 | B6: 0.6006 | C6: ='A20-5'!$B6/$I$2 -> 0.012012 | D6: 2.2113 | E6: ='A20-5'!$D6/$I$5 -> 70485.298 | F6: ='A20-5'!$E6/1000000 -> 0.070485298
A7: 7.3667 | B7: 0.60618 | C7: ='A20-5'!$B7/$I$2 -> 0.0121236 | D7: 2.2113 | E7: ='A20-5'!$D7/$I$5 -> 70485.298 | F7: ='A20-5'!$E7/1000000 -> 0.070485298
A8: 7.4333 | B8: 0.61167 | C8: ='A20-5'!$B8/$I$2 -> 0.0122334 | D8: 2.2113 | E8: ='A20-5'!$D8/$I$5 -> 70485.298 | F8: ='A20-5'!$E8/1000000 -> 0.070485298
A9: 7.5 | B9: 0.61725 | C9: ='A20-5'!$B9/$I$2 -> 0.012345 | D9: 2.3814 | E9: ='A20-5'!$D9/$I$5 -> 75907.244 | F9: ='A20-5'!$E9/1000000 -> 0.075907244
A10: 7.5667 | B10: 0.62274 | C10: ='A20-5'!$B10/$I$2 -> 0.0124548 | D10: 2.5515 | E10: ='A20-5'!$D10/$I$5 -> 81329.19 | F10: ='A20-5'!$E10/1000000 -> 0.08132919
A11: 7.6333 | B11: 0.62833 | C11: ='A20-5'!$B11/$I$2 -> 0.0125666 | D11: 2.8917 | E11: ='A20-5'!$D11/$I$5 -> 92173.082 | F11: ='A20-5'!$E11/1000000 -> 0.092173082
A12: 7.7 | B12: 0.63382 | C12: ='A20-5'!$B12/$I$2 -> 0.0126764 | D12: 3.402 | E12: ='A20-5'!$D12/$I$5 -> 108438.92 | F12: ='A20-5'!$E12/1000000 -> 0.10843892
A13: 7.7667 | B13: 0.6394 | C13: ='A20-5'!$B13/$I$2 -> 0.012788 | D13: 3.7422 | E13: ='A20-5'!$D13/$I$5 -> 119282.81 | F13: ='A20-5'!$E13/1000000 -> 0.11928281
A14: 7.8333 | B14: 0.64489 | C14: ='A20-5'!$B14/$I$2 -> 0.0128978 | D14: 4.0824 | E14: ='A20-5'!$D14/$I$5 -> 130126.7 | F14: ='A20-5'!$E14/1000000 -> 0.1301267
A15: 7.9 | B15: 0.65048 | C15: ='A20-5'!$B15/$I$2 -> 0.0130096 | D15: 4.2525 | E15: ='A20-5'!$D15/$I$5 -> 135548.65 | F15: ='A20-5'!$E15/1000000 -> 0.13554865
A16: 7.9667 | B16: 0.65615 | C16: ='A20-5'!$B16/$I$2 -> 0.013123 | D16: 4.4226 | E16: ='A20-5'!$D16/$I$5 -> 140970.6 | F16: ='A20-5'!$E16/1000000 -> 0.1409706
A17: 8.0333 | B17: 0.66164 | C17: ='A20-5'!$B17/$I$2 -> 0.0132328 | D17: 4.4226 | E17: ='A20-5'!$D17/$I$5 -> 140970.6 | F17: ='A20-5'!$E17/1000000 -> 0.1409706
... A613: 74.933 | B613: 6.2367 | C613: ='A20-5'!$B613/$I$2 -> 0.124734 | D613: 1923.5 | E613: ='A20-5'!$D613/$I$5 -> 61311658 | F613: ='A20-5'!$E613/1000000 -> 61.311658

Sheet grafico
E24: Desvio Padrão | F24: Média | G24: media força maxima
E25: =STDEV('A20-1'!F628,'A20-2'!F639,'A20-3'!F489,'A20-4'!F668,'A20-5'!F613) -> 4.7589092 | F25: =AVERAGE('A20-1'!F628,'A20-2'!F639,'A20-3'!F489,'A20-4'!F668,'A20-5'!F613) -> 58.627779 | G25: =AVERAGE('A20-1'!D628,'A20-2'!D639,'A20-3'!D489,'A20-4'!D668,'A20-5'!D613) -> 1839.3
