Workbook

Sheet A00-3
A1: Tempo(s) | B1: Alongamento (mm/mm) | C1: Deformação (mm/mm) | D1: Força (N) | E1: Tensão (Pa) | F1: Tensão (MPa) | H1: Unidade | I1: Comprimento | J1: Largura | K1: Espessura
A2: 0.016667 | B2: 0 | C2: ='A00-3'!$B2/$I$2 -> 0 | D2: 0.1701 | E2: ='A00-3'!$D2/$I$5 -> 3415.6215 | F2: ='A00-3'!$E2/1000000 -> 0.0034156215 | H2: mm | I2: 50 | J2: 13.14 | K2: 3.79
A3: 7.7 | B3: 0.25386 | C3: ='A00-3'!$B3/$I$2 -> 0.0050772 | D3: 3.5721 | E3: ='A00-3'!$D3/$I$5 -> 71728.051 | F3: ='A00-3'!$E3/1000000 -> 0.071728051 | H3: m | I3: =I2/1000 -> 0.05 | J3: =J2/1000 -> 0.01314 | K3: =K2/1000 -> 0.00379
A4: 7.7667 | B4: 0.256 | C4: ='A00-3'!$B4/$I$2 -> 0.00512 | D4: 3.5721 | E4: ='A00-3'!$D4/$I$5 -> 71728.051 | F4: ='A00-3'!$E4/1000000 -> 0.071728051
A5: 7.8333 | B5: 0.25824 | C5: ='A00-3'!$B5/$I$2 -> 0.0051648 | D5: 3.7422 | E5: ='A00-3'!$D5/$I$5 -> 75143.673 | F5: ='A00-3'!$E5/1000000 -> 0.075143673 | H5: Área (m^2) | I5: =J3*K3 -> 4.98006e-05
A6: 7.9 | B6: 0.26047 | C6: ='A00-3'!$B6/$I$2 -> 0.0052094 | D6: 3.9123 | E6: ='A00-3'!$D6/$I$5 -> 78559.294 | F6: ='A00-3'!$E6/1000000 -> 0.078559294
A7: 7.9667 | B7: 0.2627 | C7: ='A00-3'!$B7/$I$2 -> 0.005254 | D7: 4.0824 | E7: ='A00-3'!$D7/$I$5 -> 81974.916 | F7: ='A00-3'!$E7/1000000 -> 0.081974916
A8: 8.0333 | B8: 0.26494 | C8: ='A00-3'!$B8/$I$2 -> 0.0052988 | D8: 4.2525 | E8: ='A00-3'!$D8/$I$5 -> 85390.537 | F8: ='A00-3'!$E8/1000000 -> 0.085390537
A9: 8.1 | B9: 0.26717 | C9: ='A00-3'!$B9/$I$2 -> 0.0053434 | D9: 4.2525 | E9: ='A00-3'!$D9/$I$5 -> 85390.537 | F9: ='A00-3'!$E9/1000000 -> 0.085390537
A10: 8.1667 | B10: 0.2694 | C10: ='A00-3'!$B10/$I$2 -> 0.005388 | D10: 4.2525 | E10: ='A00-3'!$D10/$I$5 -> 85390.537 | F10: ='A00-3'!$E10/1000000 -> 0.085390537
A11: 8.2333 | B11: 0.27154 | C11: ='A00-3'!$B11/$I$2 -> 0.0054308 | D11: 4.0824 | E11: ='A00-3'!$D11/$I$5 -> 81974.916 | F11: ='A00-3'!$E11/1000000 -> 0.081974916
A12: 8.3 | B12: 0.27387 | C12: ='A00-3'!$B12/$I$2 -> 0.0054774 | D12: 3.7422 | E12: ='A00-3'!$D12/$I$5 -> 75143.673 | F12: ='A00-3'!$E12/1000000 -> 0.075143673
A13: 8.3667 | B13: 0.27601 | C13: ='A00-3'!$B13/$I$2 -> 0.0055202 | D13: 3.5721 | E13: ='A00-3'!$D13/$I$5 -> 71728.051 | F13: ='A00-3'!$E13/1000000 -> 0.071728051
A14: 8.4333 | B14: 0.27824 | C14: ='A00-3'!$B14/$I$2 -> 0.0055648 | D14: 3.5721 | E14: ='A00-3'!$D14/$I$5 -> 71728.051 | F14: ='A00-3'!$E14/1000000 -> 0.071728051
A15: 8.5 | B15: 0.28048 | C15: ='A00-3'!$B15/$I$2 -> 0.0056096 | D15: 3.5721 | E15: ='A00-3'!$D15/$I$5 -> 71728.051 | F15: ='A00-3'!$E15/1000000 -> 0.071728051
A16: 8.5667 | B16: 0.28271 | C16: ='A00-3'!$B16/$I$2 -> 0.0056542 | D16: 3.7422 | E16: ='A00-3'!$D16/$I$5 -> 75143.673 | F16: ='A00-3'!$E16/1000000 -> 0.075143673
A17: 8.6333 | B17: 0.28494 | C17: ='A00-3'!$B17/$I$2 -> 0.0056988 | D17: 3.7422 | E17: ='A00-3'!$D17/$I$5 -> 75143.673 | F17: ='A00-3'!$E17/1000000 -> 0.075143673
... A763: 187.85 | B763: 6.2588 | C763: ='A00-3'!$B763/$I$2 -> 0.125176 | D763: 1843.4 | E763: ='A00-3'!$D763/$I$5 -> 37015618 | F763: ='A00-3'!$E763/1000000 -> 37.015618

Sheet A00-4
A1: Tempo (s) | B1: Alongamento (mm/mm) | C1: Deformação (mm/mm) | D1: Força (N) | E1: Tensão (Pa) | F1: Tensão (MPa) | H1: Unidade | I1: Comprimento | J1: Largura | K1: Espessura
A2: 0.016667 | B2: 9.305e-05 | C2: ='A00-4'!$B2/$I$2 -> 1.861e-06 | D2: 0 | E2: ='A00-4'!$D2/$I$5 -> 0 | F2: ='A00-4'!$E2/1000000 -> 0 | H2: mm | I2: 50 | J2: 13.15 | K2: 3.68
A3: 15.233 | B3: 1.2621 | C3: ='A00-4'!$B3/$I$2 -> 0.025242 | D3: 9.1853 | E3: ='A00-4'!$D3/$I$5 -> 189810.3 | F3: ='A00-4'!$E3/1000000 -> 0.1898103 | H3: m | I3: =I2/1000 -> 0.05 | J3: =J2/1000 -> 0.01315 | K3: =K2/1000 -> 0.00368
A4: 15.35 | B4: 1.2718 | C4: ='A00-4'!$B4/$I$2 -> 0.025436 | D4: 9.1853 | E4: ='A00-4'!$D4/$I$5 -> 189810.3 | F4: ='A00-4'!$E4/1000000 -> 0.1898103
A5: 15.483 | B5: 1.2829 | C5: ='A00-4'!$B5/$I$2 -> 0.025658 | D5: 9.1853 | E5: ='A00-4'!$D5/$I$5 -> 189810.3 | F5: ='A00-4'!$E5/1000000 -> 0.1898103 | H5: Área (m^2) | I5: =J3*K3 -> 4.8392e-05
A6: 15.617 | B6: 1.294 | C6: ='A00-4'!$B6/$I$2 -> 0.02588 | D6: 9.1853 | E6: ='A00-4'!$D6/$I$5 -> 189810.3 | F6: ='A00-4'!$E6/1000000 -> 0.1898103
A7: 15.75 | B7: 1.305 | C7: ='A00-4'!$B7/$I$2 -> 0.0261 | D7: 9.1853 | E7: ='A00-4'!$D7/$I$5 -> 189810.3 | F7: ='A00-4'!$E7/1000000 -> 0.1898103
A8: 15.883 | B8: 1.3161 | C8: ='A00-4'!$B8/$I$2 -> 0.026322 | D8: 9.1853 | E8: ='A00-4'!$D8/$I$5 -> 189810.3 | F8: ='A00-4'!$E8/1000000 -> 0.1898103
A9: 16.017 | B9: 1.3274 | C9: ='A00-4'!$B9/$I$2 -> 0.026548 | D9: 9.3554 | E9: ='A00-4'!$D9/$I$5 -> 193325.34 | F9: ='A00-4'!$E9/1000000 -> 0.19332534
A10: 16.15 | B10: 1.3385 | C10: ='A00-4'!$B10/$I$2 -> 0.02677 | D10: 9.3554 | E10: ='A00-4'!$D10/$I$5 -> 193325.34 | F10: ='A00-4'!$E10/1000000 -> 0.19332534
A11: 16.283 | B11: 1.3496 | C11: ='A00-4'!$B11/$I$2 -> 0.026992 | D11: 9.5255 | E11: ='A00-4'!$D11/$I$5 -> 196840.39 | F11: ='A00-4'!$E11/1000000 -> 0.19684039
A12: 16.417 | B12: 1.3607 | C12: ='A00-4'!$B12/$I$2 -> 0.027214 | D12: 9.3554 | E12: ='A00-4'!$D12/$I$5 -> 193325.34 | F12: ='A00-4'!$E12/1000000 -> 0.19332534
A13: 16.55 | B13: 1.3718 | C13: ='A00-4'!$B13/$I$2 -> 0.027436 | D13: 9.5255 | E13: ='A00-4'!$D13/$I$5 -> 196840.39 | F13: ='A00-4'!$E13/1000000 -> 0.19684039
A14: 16.683 | B14: 1.3828 | C14: ='A00-4'!$B14/$I$2 -> 0.027656 | D14: 9.5255 | E14: ='A00-4'!$D14/$I$5 -> 196840.39 | F14: ='A00-4'!$E14/1000000 -> 0.19684039
A15: 16.817 | B15: 1.394 | C15: ='A00-4'!$B15/$I$2 -> 0.02788 | D15: 9.5255 | E15: ='A00-4'!$D15/$I$5 -> 196840.39 | F15: ='A00-4'!$E15/1000000 -> 0.19684039
A16: 16.95 | B16: 1.4052 | C16: ='A00-4'!$B16/$I$2 -> 0.028104 | D16: 9.6956 | E16: ='A00-4'!$D16/$I$5 -> 200355.43 | F16: ='A00-4'!$E16/1000000 -> 0.20035543
A17: 17.083 | B17: 1.4162 | C17: ='A00-4'!$B17/$I$2 -> 0.028324 | D17: 9.6956 | E17: ='A00-4'!$D17/$I$5 -> 200355.43 | F17: ='A00-4'!$E17/1000000 -> 0.20035543
... A590: 88.917 | B590: 7.4024 | C590: ='A00-4'!$B590/$I$2 -> 0.148048 | D590: 2072.8 | E590: ='A00-4'!$D590/$I$5 -> 42833526 | F590: ='A00-4'!$E590/1000000 -> 42.833526

Sheet A00-5
A1: Tempo (s) | B1: Alongamento (mm/mm) | C1: Deformação (mm/mm) | D1: Força (N) | E1: Tensão (Pa) | F1: Tensão (MPa) | H1: Unidade | I1: Comprimento | J1: Largura | K1: Espessura
A2: 0.016667 | B2: 0 | C2: ='A00-5'!$B2/$I$2 -> 0 | D2: 0 | E2: ='A00-5'!$D2/$I$5 -> 0 | F2: ='A00-5'!$E2/1000000 -> 0 | H2: mm | I2: 50 | J2: 13.13 | K2: 3.81
A3: 4.35 | B3: 0.35502 | C3: ='A00-5'!$B3/$I$2 -> 0.0071004 | D3: 4.9329 | E3: ='A00-5'!$D3/$I$5 -> 98608.104 | F3: ='A00-5'!$E3/1000000 -> 0.098608104 | H3: m | I3: =I2/1000 -> 0.05 | J3: =J2/1000 -> 0.01313 | K3: =K2/1000 -> 0.00381
A4: 4.3833 | B4: 0.3579 | C4: ='A00-5'!$B4/$I$2 -> 0.007158 | D4: 4.9329 | E4: ='A00-5'!$D4/$I$5 -> 98608.104 | F4: ='A00-5'!$E4/1000000 -> 0.098608104
A5: 4.4167 | B5: 0.36069 | C5: ='A00-5'!$B5/$I$2 -> 0.0072138 | D5: 4.9329 | E5: ='A00-5'!$D5/$I$5 -> 98608.104 | F5: ='A00-5'!$E5/1000000 -> 0.098608104 | H5: Área (m^2) | I5: =J3*K3 -> 5.00253e-05
A6: 4.4667 | B6: 0.36479 | C6: ='A00-5'!$B6/$I$2 -> 0.0072958 | D6: 4.9329 | E6: ='A00-5'!$D6/$I$5 -> 98608.104 | F6: ='A00-5'!$E6/1000000 -> 0.098608104
A7: 4.5 | B7: 0.36767 | C7: ='A00-5'!$B7/$I$2 -> 0.0073534 | D7: 5.103 | E7: ='A00-5'!$D7/$I$5 -> 102008.38 | F7: ='A00-5'!$E7/1000000 -> 0.10200838
A8: 4.55 | B8: 0.37177 | C8: ='A00-5'!$B8/$I$2 -> 0.0074354 | D8: 5.103 | E8: ='A00-5'!$D8/$I$5 -> 102008.38 | F8: ='A00-5'!$E8/1000000 -> 0.10200838
A9: 4.6 | B9: 0.37595 | C9: ='A00-5'!$B9/$I$2 -> 0.007519 | D9: 5.103 | E9: ='A00-5'!$D9/$I$5 -> 102008.38 | F9: ='A00-5'!$E9/1000000 -> 0.10200838
A10: 4.65 | B10: 0.38005 | C10: ='A00-5'!$B10/$I$2 -> 0.007601 | D10: 5.103 | E10: ='A00-5'!$D10/$I$5 -> 102008.38 | F10: ='A00-5'!$E10/1000000 -> 0.10200838
A11: 4.6833 | B11: 0.38293 | C11: ='A00-5'!$B11/$I$2 -> 0.0076586 | D11: 5.103 | E11: ='A00-5'!$D11/$I$5 -> 102008.38 | F11: ='A00-5'!$E11/1000000 -> 0.10200838
A12: 4.7333 | B12: 0.38703 | C12: ='A00-5'!$B12/$I$2 -> 0.0077406 | D12: 5.2731 | E12: ='A00-5'!$D12/$I$5 -> 105408.66 | F12: ='A00-5'!$E12/1000000 -> 0.10540866
A13: 4.7833 | B13: 0.39122 | C13: ='A00-5'!$B13/$I$2 -> 0.0078244 | D13: 5.2731 | E13: ='A00-5'!$D13/$I$5 -> 105408.66 | F13: ='A00-5'!$E13/1000000 -> 0.10540866
A14: 4.8333 | B14: 0.39531 | C14: ='A00-5'!$B14/$I$2 -> 0.0079062 | D14: 5.2731 | E14: ='A00-5'!$D14/$I$5 -> 105408.66 | F14: ='A00-5'!$E14/1000000 -> 0.10540866
A15: 4.8833 | B15: 0.39959 | C15: ='A00-5'!$B15/$I$2 -> 0.0079918 | D15: 5.4432 | E15: ='A00-5'!$D15/$I$5 -> 108808.94 | F15: ='A00-5'!$E15/1000000 -> 0.10880894
A16: 4.9333 | B16: 0.40369 | C16: ='A00-5'!$B16/$I$2 -> 0.0080738 | D16: 5.4432 | E16: ='A00-5'!$D16/$I$5 -> 108808.94 | F16: ='A00-5'!$E16/1000000 -> 0.10880894
A17: 4.9833 | B17: 0.40787 | C17: ='A00-5'!$B17/$I$2 -> 0.0081574 | D17: 5.6133 | E17: ='A00-5'!$D17/$I$5 -> 112209.22 | F17: ='A00-5'!$E17/1000000 -> 0.11220922
... A717: 82.167 | B717: 6.8398 | C717: ='A00-5'!$B717/$I$2 -> 0.136796 | D717: 1923.8 | E717: ='A00-5'!$D717/$I$5 -> 38456541 | F717: ='A00-5'!$E717/1000000 -> 38.456541

Sheet grafico
C22: Desvio Padrão sem A002 | D22: Desvio Padrão | E22: Media sem A002 | F22: Media com o A002 | G22: Media Força Maxima
C23: =STDEV('A00-1'!F846,'A00-3'!F763,'A00-4'!F590,'A00-5'!F717) -> #REF! | D23: =STDEV('A00-1'!F846,'A00-2'!F701,'A00-3'!F763,'A00-4'!F590,'A00-5'!F717) -> #REF! | E23: =AVERAGE('A00-1'!F846,'A00-3'!F763,'A00-4'!F590,'A00-5'!F717) -> #REF! | F23: =AVERAGE('A00-1'!F846,'A00-2'!F701,'A00-3'!F763,'A00-4'!F590,'A00-5'!F717) -> #REF! | G23: =AVERAGE('A00-1'!D846,'A00-2'!D701,'A00-3'!D763,'A00-4'!D590,'A00-5'!D717) -> #REF!
