Workbook

Sheet A02-1
A1: Tempo (s) | B1: Alongamento (mm/mm) | C1: Deformação (mm/mm)2 | D1: Força (N) | E1: Tensão (Pa) | F1: Tensão (MPa) | H1: Unidade | I1: Comprimento | J1: Largura | K1: Espessura
A2: 0.016667 | B2: 0 | C2: ='A02-1'!$B2/$I$2 -> 0 | D2: 0 | E2: ='A02-1'!$D2/$I$5 -> 0 | F2: ='A02-1'!$E2/1000000 -> 0 | H2: mm | I2: 50 | J2: 13.12 | K2: 3.59
A3: 0.05 | B3: 0.00074446 | C3: ='A02-1'!$B3/$I$2 -> 1.48892e-05 | D3: 0.1701 | E3: ='A02-1'!$D3/$I$5 -> 3611.4036 | F3: ='A02-1'!$E3/1000000 -> 0.0036114036 | H3: m | I3: =I2/1000 -> 0.05 | J3: =J2/1000 -> 0.01312 | K3: =K2/1000 -> 0.00359
A4: 0.066667 | B4: 0.0013959 | C4: ='A02-1'!$B4/$I$2 -> 2.7918e-05 | D4: 0.1701 | E4: ='A02-1'!$D4/$I$5 -> 3611.4036 | F4: ='A02-1'!$E4/1000000 -> 0.0036114036
A5: 0.083333 | B5: 0.0021403 | C5: ='A02-1'!$B5/$I$2 -> 4.2806e-05 | D5: 0.1701 | E5: ='A02-1'!$D5/$I$5 -> 3611.4036 | F5: ='A02-1'!$E5/1000000 -> 0.0036114036 | H5: Área (m^2) | I5: =J3*K3 -> 4.71008e-05
A6: 0.1 | B6: 0.0030709 | C6: ='A02-1'!$B6/$I$2 -> 6.1418e-05 | D6: 0.1701 | E6: ='A02-1'!$D6/$I$5 -> 3611.4036 | F6: ='A02-1'!$E6/1000000 -> 0.0036114036
A7: 0.11667 | B7: 0.0041876 | C7: ='A02-1'!$B7/$I$2 -> 8.3752e-05 | D7: 0.1701 | E7: ='A02-1'!$D7/$I$5 -> 3611.4036 | F7: ='A02-1'!$E7/1000000 -> 0.0036114036
A8: 0.13333 | B8: 0.0053043 | C8: ='A02-1'!$B8/$I$2 -> 0.000106086 | D8: 0.1701 | E8: ='A02-1'!$D8/$I$5 -> 3611.4036 | F8: ='A02-1'!$E8/1000000 -> 0.0036114036
A9: 0.15 | B9: 0.006421 | C9: ='A02-1'!$B9/$I$2 -> 0.00012842 | D9: 0.1701 | E9: ='A02-1'!$D9/$I$5 -> 3611.4036 | F9: ='A02-1'!$E9/1000000 -> 0.0036114036
A10: 0.16667 | B10: 0.0076308 | C10: ='A02-1'!$B10/$I$2 -> 0.000152616 | D10: 0.1701 | E10: ='A02-1'!$D10/$I$5 -> 3611.4036 | F10: ='A02-1'!$E10/1000000 -> 0.0036114036
A11: 0.18333 | B11: 0.0088405 | C11: ='A02-1'!$B11/$I$2 -> 0.00017681 | D11: 0.3402 | E11: ='A02-1'!$D11/$I$5 -> 7222.8073 | F11: ='A02-1'!$E11/1000000 -> 0.0072228073
A12: 0.2 | B12: 0.010143 | C12: ='A02-1'!$B12/$I$2 -> 0.00020286 | D12: 0.3402 | E12: ='A02-1'!$D12/$I$5 -> 7222.8073 | F12: ='A02-1'!$E12/1000000 -> 0.0072228073
A13: 0.21667 | B13: 0.011446 | C13: ='A02-1'!$B13/$I$2 -> 0.00022892 | D13: 0.3402 | E13: ='A02-1'!$D13/$I$5 -> 7222.8073 | F13: ='A02-1'!$E13/1000000 -> 0.0072228073
A14: 0.23333 | B14: 0.012749 | C14: ='A02-1'!$B14/$I$2 -> 0.00025498 | D14: 0.3402 | E14: ='A02-1'!$D14/$I$5 -> 7222.8073 | F14: ='A02-1'!$E14/1000000 -> 0.0072228073
A15: 0.25 | B15: 0.014052 | C15: ='A02-1'!$B15/$I$2 -> 0.00028104 | D15: 0.3402 | E15: ='A02-1'!$D15/$I$5 -> 7222.8073 | F15: ='A02-1'!$E15/1000000 -> 0.0072228073
A16: 0.26667 | B16: 0.015448 | C16: ='A02-1'!$B16/$I$2 -> 0.00030896 | D16: 0.3402 | E16: ='A02-1'!$D16/$I$5 -> 7222.8073 | F16: ='A02-1'!$E16/1000000 -> 0.0072228073
A17: 0.28333 | B17: 0.01675 | C17: ='A02-1'!$B17/$I$2 -> 0.000335 | D17: 0.3402 | E17: ='A02-1'!$D17/$I$5 -> 7222.8073 | F17: ='A02-1'!$E17/1000000 -> 0.0072228073
... A925: 92.917 | B925: 7.736 | C925: ='A02-1'!$B925/$I$2 -> 0.15472 | D925: 2151.6 | E925: ='A02-1'!$D925/$I$5 -> 45680753 | F925: ='A02-1'!$E925/1000000 -> 45.680753

Sheet A02-2
A1: Tempo (s) | B1: Alongamento (mm/mm) | C1: Deformação (mm/mm)2 | D1: Força (N) | E1: Tensão (Pa) | F1: Tensão (MPa) | H1: Unidade | I1: Comprimento | J1: Largura | K1: Espessura
A2: 0.016667 | B2: 0 | C2: ='A02-2'!$B2/$I$2 -> 0 | D2: 0 | E2: ='A02-2'!$D2/$I$5 -> 0 | F2: ='A02-2'!$E2/1000000 -> 0 | H2: mm | I2: 50 | J2: 13.09 | K2: 3.58
A3: 2.9333 | B3: 0.23674 | C3: ='A02-2'!$B3/$I$2 -> 0.0047348 | D3: 3.0618 | E3: ='A02-2'!$D3/$I$5 -> 65336.241 | F3: ='A02-2'!$E3/1000000 -> 0.065336241 | H3: m | I3: =I2/1000 -> 0.05 | J3: =J2/1000 -> 0.01309 | K3: =K2/1000 -> 0.00358
A4: 2.9667 | B4: 0.23944 | C4: ='A02-2'!$B4/$I$2 -> 0.0047888 | D4: 3.2319 | E4: ='A02-2'!$D4/$I$5 -> 68966.032 | F4: ='A02-2'!$E4/1000000 -> 0.068966032
A5: 3 | B5: 0.24232 | C5: ='A02-2'!$B5/$I$2 -> 0.0048464 | D5: 3.402 | E5: ='A02-2'!$D5/$I$5 -> 72595.823 | F5: ='A02-2'!$E5/1000000 -> 0.072595824 | H5: Área (m^2) | I5: =J3*K3 -> 4.68622e-05
A6: 3.0333 | B6: 0.24502 | C6: ='A02-2'!$B6/$I$2 -> 0.0049004 | D6: 3.402 | E6: ='A02-2'!$D6/$I$5 -> 72595.823 | F6: ='A02-2'!$E6/1000000 -> 0.072595824
A7: 3.0667 | B7: 0.24791 | C7: ='A02-2'!$B7/$I$2 -> 0.0049582 | D7: 3.5721 | E7: ='A02-2'!$D7/$I$5 -> 76225.615 | F7: ='A02-2'!$E7/1000000 -> 0.076225615
A8: 3.1 | B8: 0.25061 | C8: ='A02-2'!$B8/$I$2 -> 0.0050122 | D8: 3.5721 | E8: ='A02-2'!$D8/$I$5 -> 76225.615 | F8: ='A02-2'!$E8/1000000 -> 0.076225615
A9: 3.1333 | B9: 0.2533 | C9: ='A02-2'!$B9/$I$2 -> 0.005066 | D9: 3.7422 | E9: ='A02-2'!$D9/$I$5 -> 79855.406 | F9: ='A02-2'!$E9/1000000 -> 0.079855406
A10: 3.1667 | B10: 0.25619 | C10: ='A02-2'!$B10/$I$2 -> 0.0051238 | D10: 4.0824 | E10: ='A02-2'!$D10/$I$5 -> 87114.988 | F10: ='A02-2'!$E10/1000000 -> 0.087114988
A11: 3.2 | B11: 0.25898 | C11: ='A02-2'!$B11/$I$2 -> 0.0051796 | D11: 4.0824 | E11: ='A02-2'!$D11/$I$5 -> 87114.988 | F11: ='A02-2'!$E11/1000000 -> 0.087114988
A12: 3.2333 | B12: 0.26177 | C12: ='A02-2'!$B12/$I$2 -> 0.0052354 | D12: 4.4226 | E12: ='A02-2'!$D12/$I$5 -> 94374.571 | F12: ='A02-2'!$E12/1000000 -> 0.094374571
A13: 3.2667 | B13: 0.26447 | C13: ='A02-2'!$B13/$I$2 -> 0.0052894 | D13: 4.4226 | E13: ='A02-2'!$D13/$I$5 -> 94374.571 | F13: ='A02-2'!$E13/1000000 -> 0.094374571
A14: 3.3 | B14: 0.26726 | C14: ='A02-2'!$B14/$I$2 -> 0.0053452 | D14: 4.7628 | E14: ='A02-2'!$D14/$I$5 -> 101634.15 | F14: ='A02-2'!$E14/1000000 -> 0.10163415
A15: 3.3333 | B15: 0.26996 | C15: ='A02-2'!$B15/$I$2 -> 0.0053992 | D15: 4.9329 | E15: ='A02-2'!$D15/$I$5 -> 105263.94 | F15: ='A02-2'!$E15/1000000 -> 0.10526394
A16: 3.3667 | B16: 0.27285 | C16: ='A02-2'!$B16/$I$2 -> 0.005457 | D16: 5.103 | E16: ='A02-2'!$D16/$I$5 -> 108893.74 | F16: ='A02-2'!$E16/1000000 -> 0.10889374
A17: 3.4 | B17: 0.27554 | C17: ='A02-2'!$B17/$I$2 -> 0.0055108 | D17: 5.103 | E17: ='A02-2'!$D17/$I$5 -> 108893.74 | F17: ='A02-2'!$E17/1000000 -> 0.10889374
... A719: 78.6 | B719: 6.5423 | C719: ='A02-2'!$B719/$I$2 -> 0.130846 | D719: 2106.5 | E719: ='A02-2'!$D719/$I$5 -> 44950941 | F719: ='A02-2'!$E719/1000000 -> 44.950941

Sheet A02-3
A1: Tempo(s) | B1: Alongamento (mm/mm) | C1: Deformação (mm/mm) | D1: Força (N) | E1: Tensão (Pa) | F1: Tensão (MPa) | H1: Unidade | I1: Comprimento | J1: Largura | K1: Espessura
A2: 0.016667 | B2: 0 | C2: ='A02-3'!$B2/$I$2 -> 0 | D2: 0 | E2: ='A02-3'!$D2/$I$5 -> 0 | F2: ='A02-3'!$E2/1000000 -> 0 | H2: mm | I2: 50 | J2: 13.16 | K2: 3.64
A3: 0.066667 | B3: 0.00074446 | C3: ='A02-3'!$B3/$I$2 -> 1.48892e-05 | D3: 0 | E3: ='A02-3'!$D3/$I$5 -> 0 | F3: ='A02-3'!$E3/1000000 -> 0 | H3: m | I3: =I2/1000 -> 0.05 | J3: =J2/1000 -> 0.01316 | K3: =K2/1000 -> 0.00364
A4: 0.083333 | B4: 0.0013959 | C4: ='A02-3'!$B4/$I$2 -> 2.7918e-05 | D4: 0 | E4: ='A02-3'!$D4/$I$5 -> 0 | F4: ='A02-3'!$E4/1000000 -> 0
A5: 0.1 | B5: 0.0022334 | C5: ='A02-3'!$B5/$I$2 -> 4.4668e-05 | D5: 0 | E5: ='A02-3'!$D5/$I$5 -> 0 | F5: ='A02-3'!$E5/1000000 -> 0 | H5: Área (m^2) | I5: =J3*K3 -> 4.79024e-05
A6: 0.11667 | B6: 0.003257 | C6: ='A02-3'!$B6/$I$2 -> 6.514e-05 | D6: 0 | E6: ='A02-3'!$D6/$I$5 -> 0 | F6: ='A02-3'!$E6/1000000 -> 0
A7: 0.13333 | B7: 0.0042807 | C7: ='A02-3'!$B7/$I$2 -> 8.5614e-05 | D7: 0 | E7: ='A02-3'!$D7/$I$5 -> 0 | F7: ='A02-3'!$E7/1000000 -> 0
A8: 0.15 | B8: 0.0053974 | C8: ='A02-3'!$B8/$I$2 -> 0.000107948 | D8: 0 | E8: ='A02-3'!$D8/$I$5 -> 0 | F8: ='A02-3'!$E8/1000000 -> 0
A9: 0.16667 | B9: 0.0065141 | C9: ='A02-3'!$B9/$I$2 -> 0.000130282 | D9: 0.1701 | E9: ='A02-3'!$D9/$I$5 -> 3550.9703 | F9: ='A02-3'!$E9/1000000 -> 0.0035509703
A10: 0.18333 | B10: 0.0077238 | C10: ='A02-3'!$B10/$I$2 -> 0.000154476 | D10: 0.1701 | E10: ='A02-3'!$D10/$I$5 -> 3550.9703 | F10: ='A02-3'!$E10/1000000 -> 0.0035509703
A11: 0.2 | B11: 0.0089336 | C11: ='A02-3'!$B11/$I$2 -> 0.000178672 | D11: 0.1701 | E11: ='A02-3'!$D11/$I$5 -> 3550.9703 | F11: ='A02-3'!$E11/1000000 -> 0.0035509703
A12: 0.21667 | B12: 0.010236 | C12: ='A02-3'!$B12/$I$2 -> 0.00020472 | D12: 0.1701 | E12: ='A02-3'!$D12/$I$5 -> 3550.9703 | F12: ='A02-3'!$E12/1000000 -> 0.0035509703
A13: 0.23333 | B13: 0.011539 | C13: ='A02-3'!$B13/$I$2 -> 0.00023078 | D13: 0.1701 | E13: ='A02-3'!$D13/$I$5 -> 3550.9703 | F13: ='A02-3'!$E13/1000000 -> 0.0035509703
A14: 0.25 | B14: 0.012842 | C14: ='A02-3'!$B14/$I$2 -> 0.00025684 | D14: 0.1701 | E14: ='A02-3'!$D14/$I$5 -> 3550.9703 | F14: ='A02-3'!$E14/1000000 -> 0.0035509703
A15: 0.26667 | B15: 0.014145 | C15: ='A02-3'!$B15/$I$2 -> 0.0002829 | D15: 0.1701 | E15: ='A02-3'!$D15/$I$5 -> 3550.9703 | F15: ='A02-3'!$E15/1000000 -> 0.0035509703
A16: 0.28333 | B16: 0.015541 | C16: ='A02-3'!$B16/$I$2 -> 0.00031082 | D16: 0.1701 | E16: ='A02-3'!$D16/$I$5 -> 3550.9703 | F16: ='A02-3'!$E16/1000000 -> 0.0035509703
A17: 0.3 | B17: 0.01675 | C17: ='A02-3'!$B17/$I$2 -> 0.000335 | D17: 0.1701 | E17: ='A02-3'!$D17/$I$5 -> 3550.9703 | F17: ='A02-3'!$E17/1000000 -> 0.0035509703
... A878: 81.283 | B878: 6.7652 | C878: ='A02-3'!$B878/$I$2 -> 0.135304 | D878: 2193.4 | E878: ='A02-3'!$D878/$I$5 -> 45788938 | F878: ='A02-3'!$E878/1000000 -> 45.788938

Sheet A02-4
A1: Tempo (s) | B1: Alongamento (mm/mm) | C1: Deformação (mm/mm) | D1: Força (N) | E1: Tensão (Pa) | F1: Tensão (MPa) | H1: Unidade | I1: Comprimento | J1: Largura | K1: Espessura
A2: 0.016667 | B2: 0 | C2: ='A02-4'!$B2/$I$2 -> 0 | D2: 0 | E2: ='A02-4'!$D2/$I$5 -> 0 | F2: ='A02-4'!$E2/1000000 -> 0 | H2: mm | I2: 50 | J2: 13.12 | K2: 3.63
A3: 15.617 | B3: 1.2938 | C3: ='A02-4'!$B3/$I$2 -> 0.025876 | D3: 15.309 | E3: ='A02-4'!$D3/$I$5 -> 321444.77 | F3: ='A02-4'!$E3/1000000 -> 0.32144477 | H3: m | I3: =I2/1000 -> 0.05 | J3: =J2/1000 -> 0.01312 | K3: =K2/1000 -> 0.00363
A4: 15.75 | B4: 1.3049 | C4: ='A02-4'!$B4/$I$2 -> 0.026098 | D4: 15.479 | E4: ='A02-4'!$D4/$I$5 -> 325014.28 | F4: ='A02-4'!$E4/1000000 -> 0.32501428
A5: 15.883 | B5: 1.316 | C5: ='A02-4'!$B5/$I$2 -> 0.02632 | D5: 15.479 | E5: ='A02-4'!$D5/$I$5 -> 325014.28 | F5: ='A02-4'!$E5/1000000 -> 0.32501428 | H5: Área (m^2) | I5: =J3*K3 -> 4.76256e-05
A6: 16.017 | B6: 1.327 | C6: ='A02-4'!$B6/$I$2 -> 0.02654 | D6: 15.479 | E6: ='A02-4'!$D6/$I$5 -> 325014.28 | F6: ='A02-4'!$E6/1000000 -> 0.32501428
A7: 16.15 | B7: 1.3381 | C7: ='A02-4'!$B7/$I$2 -> 0.026762 | D7: 15.479 | E7: ='A02-4'!$D7/$I$5 -> 325014.28 | F7: ='A02-4'!$E7/1000000 -> 0.32501428
A8: 16.283 | B8: 1.3493 | C8: ='A02-4'!$B8/$I$2 -> 0.026986 | D8: 15.649 | E8: ='A02-4'!$D8/$I$5 -> 328583.79 | F8: ='A02-4'!$E8/1000000 -> 0.32858379
A9: 16.417 | B9: 1.3604 | C9: ='A02-4'!$B9/$I$2 -> 0.027208 | D9: 15.989 | E9: ='A02-4'!$D9/$I$5 -> 335722.8 | F9: ='A02-4'!$E9/1000000 -> 0.3357228
A10: 16.55 | B10: 1.3716 | C10: ='A02-4'!$B10/$I$2 -> 0.027432 | D10: 16.159 | E10: ='A02-4'!$D10/$I$5 -> 339292.31 | F10: ='A02-4'!$E10/1000000 -> 0.33929231
A11: 16.683 | B11: 1.3827 | C11: ='A02-4'!$B11/$I$2 -> 0.027654 | D11: 16.159 | E11: ='A02-4'!$D11/$I$5 -> 339292.31 | F11: ='A02-4'!$E11/1000000 -> 0.33929231
A12: 16.817 | B12: 1.3937 | C12: ='A02-4'!$B12/$I$2 -> 0.027874 | D12: 16.5 | E12: ='A02-4'!$D12/$I$5 -> 346452.33 | F12: ='A02-4'!$E12/1000000 -> 0.34645233
A13: 16.933 | B13: 1.4035 | C13: ='A02-4'!$B13/$I$2 -> 0.02807 | D13: 17.18 | E13: ='A02-4'!$D13/$I$5 -> 360730.36 | F13: ='A02-4'!$E13/1000000 -> 0.36073036
A14: 17.05 | B14: 1.4132 | C14: ='A02-4'!$B14/$I$2 -> 0.028264 | D14: 17.86 | E14: ='A02-4'!$D14/$I$5 -> 375008.4 | F14: ='A02-4'!$E14/1000000 -> 0.3750084
A15: 17.167 | B15: 1.4229 | C15: ='A02-4'!$B15/$I$2 -> 0.028458 | D15: 18.541 | E15: ='A02-4'!$D15/$I$5 -> 389307.43 | F15: ='A02-4'!$E15/1000000 -> 0.38930743
A16: 17.267 | B16: 1.4311 | C16: ='A02-4'!$B16/$I$2 -> 0.028622 | D16: 19.221 | E16: ='A02-4'!$D16/$I$5 -> 403585.47 | F16: ='A02-4'!$E16/1000000 -> 0.40358547
A17: 17.367 | B17: 1.4396 | C17: ='A02-4'!$B17/$I$2 -> 0.028792 | D17: 19.902 | E17: ='A02-4'!$D17/$I$5 -> 417884.5 | F17: ='A02-4'!$E17/1000000 -> 0.4178845
... A536: 82.9 | B536: 6.9007 | C536: ='A02-4'!$B536/$I$2 -> 0.138014 | D536: 2168.4 | E536: ='A02-4'!$D536/$I$5 -> 45530135 | F536: ='A02-4'!$E536/1000000 -> 45.530135

Sheet A02-5
A1: Tempo (s) | B1: Alongamento (mm/mm) | C1: Deformação (mm/mm) | D1: Força (N) | E1: Tensão (Pa) | F1: Tensão (MPa) | H1: Unidade | I1: Comprimento | J1: Largura | K1: Espessura
A2: 0.016667 | B2: 0 | C2: ='A02-5'!$B2/$I$2 -> 0 | D2: 0 | E2: ='A02-5'!$D2/$I$5 -> 0 | F2: ='A02-5'!$E2/1000000 -> 0 | H2: mm | I2: 50 | J2: 13.14 | K2: 3.61
A3: 4.6667 | B3: 0.38191 | C3: ='A02-5'!$B3/$I$2 -> 0.0076382 | D3: 2.7216 | E3: ='A02-5'!$D3/$I$5 -> 57374.872 | F3: ='A02-5'!$E3/1000000 -> 0.057374872 | H3: m | I3: =I2/1000 -> 0.05 | J3: =J2/1000 -> 0.01314 | K3: =K2/1000 -> 0.00361
A4: 4.7167 | B4: 0.3861 | C4: ='A02-5'!$B4/$I$2 -> 0.007722 | D4: 2.7216 | E4: ='A02-5'!$D4/$I$5 -> 57374.872 | F4: ='A02-5'!$E4/1000000 -> 0.057374872
A5: 4.7667 | B5: 0.39019 | C5: ='A02-5'!$B5/$I$2 -> 0.0078038 | D5: 2.7216 | E5: ='A02-5'!$D5/$I$5 -> 57374.872 | F5: ='A02-5'!$E5/1000000 -> 0.057374872 | H5: Área (m^2) | I5: =J3*K3 -> 4.74354e-05
A6: 4.8167 | B6: 0.39447 | C6: ='A02-5'!$B6/$I$2 -> 0.0078894 | D6: 2.7216 | E6: ='A02-5'!$D6/$I$5 -> 57374.872 | F6: ='A02-5'!$E6/1000000 -> 0.057374872
A7: 4.8667 | B7: 0.39866 | C7: ='A02-5'!$B7/$I$2 -> 0.0079732 | D7: 2.7216 | E7: ='A02-5'!$D7/$I$5 -> 57374.872 | F7: ='A02-5'!$E7/1000000 -> 0.057374872
A8: 4.9167 | B8: 0.40276 | C8: ='A02-5'!$B8/$I$2 -> 0.0080552 | D8: 2.7216 | E8: ='A02-5'!$D8/$I$5 -> 57374.872 | F8: ='A02-5'!$E8/1000000 -> 0.057374872
A9: 4.9667 | B9: 0.40694 | C9: ='A02-5'!$B9/$I$2 -> 0.0081388 | D9: 2.7216 | E9: ='A02-5'!$D9/$I$5 -> 57374.872 | F9: ='A02-5'!$E9/1000000 -> 0.057374872
A10: 5.0167 | B10: 0.41104 | C10: ='A02-5'!$B10/$I$2 -> 0.0082208 | D10: 2.7216 | E10: ='A02-5'!$D10/$I$5 -> 57374.872 | F10: ='A02-5'!$E10/1000000 -> 0.057374872
A11: 5.0667 | B11: 0.41522 | C11: ='A02-5'!$B11/$I$2 -> 0.0083044 | D11: 2.7216 | E11: ='A02-5'!$D11/$I$5 -> 57374.872 | F11: ='A02-5'!$E11/1000000 -> 0.057374872
A12: 5.1167 | B12: 0.41941 | C12: ='A02-5'!$B12/$I$2 -> 0.0083882 | D12: 2.7216 | E12: ='A02-5'!$D12/$I$5 -> 57374.872 | F12: ='A02-5'!$E12/1000000 -> 0.057374872
A13: 5.1667 | B13: 0.4236 | C13: ='A02-5'!$B13/$I$2 -> 0.008472 | D13: 2.7216 | E13: ='A02-5'!$D13/$I$5 -> 57374.872 | F13: ='A02-5'!$E13/1000000 -> 0.057374872
A14: 5.2167 | B14: 0.42779 | C14: ='A02-5'!$B14/$I$2 -> 0.0085558 | D14: 2.7216 | E14: ='A02-5'!$D14/$I$5 -> 57374.872 | F14: ='A02-5'!$E14/1000000 -> 0.057374872
A15: 5.2667 | B15: 0.43188 | C15: ='A02-5'!$B15/$I$2 -> 0.0086376 | D15: 2.7216 | E15: ='A02-5'!$D15/$I$5 -> 57374.872 | F15: ='A02-5'!$E15/1000000 -> 0.057374872
A16: 5.3167 | B16: 0.43607 | C16: ='A02-5'!$B16/$I$2 -> 0.0087214 | D16: 2.7216 | E16: ='A02-5'!$D16/$I$5 -> 57374.872 | F16: ='A02-5'!$E16/1000000 -> 0.057374872
A17: 5.3667 | B17: 0.44035 | C17: ='A02-5'!$B17/$I$2 -> 0.008807 | D17: 2.8917 | E17: ='A02-5'!$D17/$I$5 -> 60960.801 | F17: ='A02-5'!$E17/1000000 -> 0.060960801
... A742: 92.517 | B742: 7.7028 | C742: ='A02-5'!$B742/$I$2 -> 0.154056 | D742: 2016.9 | E742: ='A02-5'!$D742/$I$5 -> 42518878 | F742: ='A02-5'!$E742/1000000 -> 42.518878

Sheet grafico
F23: Desvio Padrão | G23: Média | H23: Média força maxima
F24: =STDEV('A02-1'!F924,'A02-2'!F719,'A02-3'!F878,'A02-4'!F536,'A02-5'!F742) -> 1.3670866 | G24: =AVERAGE('A02-1'!F924,'A02-2'!F719,'A02-3'!F878,'A02-4'!F536,'A02-5'!F742) -> 44.894778 | H24: =AVERAGE('A02-1'!D797,'A02-2'!D719,'A02-3'!D878,'A02-4'!D536,'A02-5'!D742) -> 1863.702
